{
  "Metro": {
    "length": 48204.0,
    "mean": 3259.818359375,
    "std": 1986.840087890625,
    "acf1": 0.9126958504314966,
    "diff_std": 830.1897583007812,
    "outlier_rate_3sigma": 0.0
  },
  "Beijing_PM25": {
    "length": 43824.0,
    "mean": 97.80111694335938,
    "std": 91.3753890991211,
    "acf1": 0.9656915387525702,
    "diff_std": 23.939512252807617,
    "outlier_rate_3sigma": 0.01848302300109529
  },
  "Environmental_Sensor_Telemetry": {
    "length": 405184.0,
    "mean": 22.45398712158203,
    "std": 2.6983437538146973,
    "acf1": -0.2321788136566113,
    "diff_std": 4.235936641693115,
    "outlier_rate_3sigma": 0.0012883035855315117
  },
  "ETTh1": {
    "length": 17420.0,
    "mean": 13.324671745300293,
    "std": 8.566699981689453,
    "acf1": 0.9941920765801795,
    "diff_std": 0.9181849360466003,
    "outlier_rate_3sigma": 0.00912743972445465
  }
}