{
  "Metro": {
    "test_mse": 1.032427191734314,
    "test_mae": 0.8884159922599792,
    "scratch_test_mse": 1.0563993453979492,
    "scratch_test_mae": 0.8949686884880066
  },
  "Beijing_PM25": {
    "test_mse": 0.9410151839256287,
    "test_mae": 0.6916113495826721,
    "scratch_test_mse": 0.8146581053733826,
    "scratch_test_mae": 0.685103714466095
  },
  "Environmental_Sensor_Telemetry": {
    "test_mse": 1.7950274467468261,
    "test_mae": 1.0541427612304688,
    "scratch_test_mse": 1.938427209854126,
    "scratch_test_mae": 1.1004097938537598
  },
  "ETTh1": {
    "test_mse": 0.07150397449731827,
    "test_mae": 0.2260807454586029,
    "scratch_test_mse": 0.06982560455799103,
    "scratch_test_mae": 0.2136625051498413
  }
}