mean,var,max_kl_shift,time_kl_shift,max_level_shift,time_level_shift,max_var_shift,time_var_shift,x_acf1,x_acf10,diff1_acf1,diff1_acf10,diff2_acf1,diff2_acf10,ARCH.LM,crossing_points,entropy,flat_spots,alpha,beta,hurst,lumpiness,nonlinearity,x_pacf5,diff1x_pacf5,diff2x_pacf5,stability,unitroot_kpss,unitroot_pp,nperiods,seasonal_period,trend,spike,linearity,curvature,e_acf1,e_acf10
4.60994710967226,0.770497901286531,50.0472674695957,9757,3.64007545686562,1329,1.93241076616525,1323,0.985058430983393,5.55764923079488,0.768079443697414,1.03879709842763,0.0856836126251532,0.0846104492688872,0.991618261299634,778,0.65516363682111,35,0.972918223125828,0.972917830407277,0.999954177318763,0,0.00922340974366834,1.62775194365762,0.662327453414472,0.0853963877794794,0,2.93808970110146,-957.503853128075,0,1,0.146740850609714,8.48047873613896e-09,-12.7195468438886,-17.8193597738349,0.982505588077538,5.02268133349216
