max_kl_shift,time_kl_shift,max_level_shift,time_level_shift,max_var_shift,time_var_shift,x_acf1,x_acf10,diff1_acf1,diff1_acf10,diff2_acf1,diff2_acf10,seas_acf1,ARCH.LM,crossing_points,entropy,flat_spots,alpha,beta,hurst,lumpiness,nonlinearity,x_pacf5,diff1x_pacf5,diff2x_pacf5,seas_pacf,stability,unitroot_kpss,unitroot_pp,nperiods,seasonal_period,trend,spike,linearity,curvature,e_acf1,e_acf10,seasonal_strength,peak,trough,mean,var
874.666045840568,8851,8.75152250853746,12125,36.7881639482596,12123,0.937795969453346,4.23042182037567,0.361075347839006,0.20770375625316,-0.125037848064409,0.133218460850543,0.533998256019297,0.6420209056641,965,0.811141645497152,373,0.999899890579605,0.0658324303301453,0.999954177318763,1.18300976730682,0.394305963940239,1.10161865840637,0.223698074823019,0.25277109054279,0.0512725441327275,0.822702396912273,0.148088716119738,-1461.95100044381,1,7,0.827358329050928,3.15326957000727e-09,1.72224711416146,0.285223784146528,0.707096208383656,0.611625375192521,0,5,3,30.0642896255423,1533.80305074745
