max_kl_shift,time_kl_shift,max_level_shift,time_level_shift,max_var_shift,time_var_shift,x_acf1,x_acf10,diff1_acf1,diff1_acf10,diff2_acf1,diff2_acf10,seas_acf1,ARCH.LM,crossing_points,entropy,flat_spots,alpha,beta,hurst,lumpiness,nonlinearity,x_pacf5,diff1x_pacf5,diff2x_pacf5,seas_pacf,stability,unitroot_kpss,unitroot_pp,nperiods,seasonal_period,trend,spike,linearity,curvature,e_acf1,e_acf10,seasonal_strength,peak,trough,mean,var
374.458398772752,19229,3.60289081841827,19224,3.4924212759762,19220,0.95839099915283,6.62632387663127,-0.0609818694804622,0.0205125257851714,-0.533480064684347,0.286657980284262,0.752573812644937,0.824197099301752,5122,0.646145834797399,1118,0.940572990264785,0.000100049703100252,0.999954177318763,0.0256164322858106,0.0268849530678735,0.920957250423232,0.00547358188361975,0.51241354253733,0.0381588527685225,0.912795076500351,3.89771253102951,-2058.21259163627,1,7,0.909352896020285,1.72831171816526e-11,12.2541782161833,-14.0154274510823,0.593579545904937,0.539578766871888,0,7,3,83.6398533767973,6064.35594124186
