max_kl_shift,time_kl_shift,max_level_shift,time_level_shift,max_var_shift,time_var_shift,x_acf1,x_acf10,diff1_acf1,diff1_acf10,diff2_acf1,diff2_acf10,seas_acf1,ARCH.LM,crossing_points,entropy,flat_spots,alpha,beta,hurst,lumpiness,nonlinearity,x_pacf5,diff1x_pacf5,diff2x_pacf5,seas_pacf,stability,unitroot_kpss,unitroot_pp,nperiods,seasonal_period,trend,spike,linearity,curvature,e_acf1,e_acf10,seasonal_strength,peak,trough,mean,var
12.125982139654,730,1.09184823445936,715,1.70689073269075,728,0.635704380190446,2.37300306980936,0.0149549904432361,1.50550001878666,-0.231849103054549,1.82677508619261,0.91886333956032,0.735771919098031,1818,0.577114032838627,5,0.00826521348860954,0.00826445942863859,0.856704964439474,0.0993824920647766,0.170437924677782,0.686819346685529,0.900435770953984,0.745834521046517,0.652986830263422,0.471539559233106,23.6571920834026,-3508.89540040674,1,7,0.804330030164965,2.97058333957938e-09,36.0269389867376,30.293893537805,0.379048399358856,0.394683340195124,0.797410877698879,7,5,9648.9401779603,1270839.62634964
