label,mask_ratio,patch_length,n_seeds,steps_mean,masked_mse_mean,masked_mse_std,masked_mse_ci95,epoch_time_mean_sec,token_throughput_mean
patch_8,0.4,8,3,20.0,0.3934906885027885,0.05839011513234307,0.14506079401165653,0.669321299996227,64953.5796094178
mask_0p2,0.2,16,3,20.0,0.37602790991465246,0.04006291357257881,0.09952982692509803,1.917444300003505,25704.55382324049
mask_0p4,0.4,16,3,20.0,0.37580405523379645,0.03607042266211965,0.08961112920986221,0.9050050000272071,30052.178583629644
mask_0p6,0.6,16,3,20.0,0.3766234993934631,0.0376019577319593,0.09341598030125142,0.8274772666821567,30618.871149992232
patch_32,0.4,32,3,20.0,0.36630289852619174,0.019984367131482415,0.049647926833895274,0.7493047333555296,16017.066986944643
